url,date
https://tpc.googlesyndication.com/archive/simgad/15740056848058977434,
https://tpc.googlesyndication.com/archive/simgad/12396136639621141809,
https://tpc.googlesyndication.com/archive/simgad/7855161404518650187,
https://tpc.googlesyndication.com/archive/simgad/6066353180548655646,
https://tpc.googlesyndication.com/archive/simgad/14811929984388876175,
https://tpc.googlesyndication.com/archive/simgad/18187494726929870161,
https://tpc.googlesyndication.com/archive/simgad/11340333537845301473,
https://tpc.googlesyndication.com/archive/simgad/13671343063720096333,
https://tpc.googlesyndication.com/archive/simgad/777041233297251619,
https://tpc.googlesyndication.com/archive/simgad/8646321053907785999,
https://tpc.googlesyndication.com/archive/simgad/4239803772662194104,
https://tpc.googlesyndication.com/archive/simgad/13248392819827627723,
https://tpc.googlesyndication.com/archive/simgad/7527728570624679734,
https://tpc.googlesyndication.com/archive/simgad/7785698384522194005,
https://tpc.googlesyndication.com/archive/simgad/17712158720656687591,
https://tpc.googlesyndication.com/archive/simgad/10592986695851942505,
https://tpc.googlesyndication.com/archive/simgad/2227402365354375753,
https://tpc.googlesyndication.com/archive/simgad/2065940847624178721,
https://tpc.googlesyndication.com/archive/simgad/1759555038315115623,
https://tpc.googlesyndication.com/archive/simgad/8515138934642623747,
https://tpc.googlesyndication.com/archive/simgad/3765372114277429520,
https://tpc.googlesyndication.com/archive/simgad/17031184341891547689,
https://tpc.googlesyndication.com/archive/simgad/1480290452996502753,
https://tpc.googlesyndication.com/archive/simgad/1382286585315051935,
https://tpc.googlesyndication.com/archive/simgad/11548841497108679599,
https://tpc.googlesyndication.com/archive/simgad/2525226701165241702,
https://tpc.googlesyndication.com/archive/simgad/7473931301560513097,
https://tpc.googlesyndication.com/archive/simgad/10052834051456201192,
https://tpc.googlesyndication.com/archive/simgad/17267923674463867303,
https://tpc.googlesyndication.com/archive/simgad/4889752609472090059,
https://tpc.googlesyndication.com/archive/simgad/8304314660495540189,
https://tpc.googlesyndication.com/archive/simgad/15386230049014820463,
https://tpc.googlesyndication.com/archive/simgad/32129924133452511,
https://tpc.googlesyndication.com/archive/simgad/11037954790123150185,
https://tpc.googlesyndication.com/archive/simgad/6913894379605814253,
https://tpc.googlesyndication.com/archive/simgad/2830721989888638498,
https://tpc.googlesyndication.com/archive/simgad/2312739633340904502,
https://tpc.googlesyndication.com/archive/simgad/17849343146859564842,
https://tpc.googlesyndication.com/archive/simgad/5041098530199132154,
https://tpc.googlesyndication.com/archive/simgad/16834582792406488423,
https://tpc.googlesyndication.com/archive/simgad/1551486322443152939,
https://tpc.googlesyndication.com/archive/simgad/11403331869674075220,
https://tpc.googlesyndication.com/archive/simgad/17383598244536804126,
https://tpc.googlesyndication.com/archive/simgad/15952809165890150016,
https://tpc.googlesyndication.com/archive/simgad/8533120186480599791,
https://tpc.googlesyndication.com/archive/simgad/13927062125848529287,
https://tpc.googlesyndication.com/archive/simgad/10266036755335220541,
https://tpc.googlesyndication.com/archive/simgad/9223231442504704897,
https://tpc.googlesyndication.com/archive/simgad/9851538279166061154,
https://tpc.googlesyndication.com/archive/simgad/14118841842866889993,
https://tpc.googlesyndication.com/archive/simgad/7170932889595178290,
https://tpc.googlesyndication.com/archive/simgad/12323054254818533967,
https://tpc.googlesyndication.com/archive/simgad/1226066376612749762,
https://tpc.googlesyndication.com/archive/simgad/16690870508079034769,
https://tpc.googlesyndication.com/archive/simgad/12959526773551322107,
https://tpc.googlesyndication.com/archive/simgad/7163876459547681812,
https://tpc.googlesyndication.com/archive/simgad/741704304517368019,
https://tpc.googlesyndication.com/archive/simgad/10220110001028261695,
https://tpc.googlesyndication.com/archive/simgad/839499885445686263,
https://tpc.googlesyndication.com/archive/simgad/15457159853036273642,
https://tpc.googlesyndication.com/archive/simgad/146327457920110328,
https://tpc.googlesyndication.com/archive/simgad/9861167301577511833,
https://tpc.googlesyndication.com/archive/simgad/4564322165172657372,
https://tpc.googlesyndication.com/archive/simgad/12177267993934278629,
https://tpc.googlesyndication.com/archive/simgad/8932074313621701500,
https://tpc.googlesyndication.com/archive/simgad/11684549844739091001,
https://tpc.googlesyndication.com/archive/simgad/12171127477568490475,
https://tpc.googlesyndication.com/archive/simgad/7445798745169025482,
https://tpc.googlesyndication.com/archive/simgad/3477984595364451232,
https://tpc.googlesyndication.com/archive/simgad/15054785968401057347,
https://tpc.googlesyndication.com/archive/simgad/9528714286283557832,
https://tpc.googlesyndication.com/archive/simgad/10054639271835573659,
https://tpc.googlesyndication.com/archive/simgad/17246413802977479283,
https://tpc.googlesyndication.com/archive/simgad/1696958778685991647,
https://tpc.googlesyndication.com/archive/simgad/10674616360284128332,
https://tpc.googlesyndication.com/archive/simgad/3883048617456097671,
https://tpc.googlesyndication.com/archive/simgad/5395107277460705576,
https://tpc.googlesyndication.com/archive/simgad/18190314221672035395,
https://tpc.googlesyndication.com/archive/simgad/17276304715423506111,
https://tpc.googlesyndication.com/archive/simgad/15620312599811629,
https://tpc.googlesyndication.com/archive/simgad/1096717561620670651,
https://tpc.googlesyndication.com/archive/simgad/15620312599811629,
https://tpc.googlesyndication.com/archive/simgad/5361586480879763420,
https://tpc.googlesyndication.com/archive/simgad/6531776023409606807,
https://tpc.googlesyndication.com/archive/simgad/3871280347651849676,
https://tpc.googlesyndication.com/archive/simgad/4454658579863972330,
https://tpc.googlesyndication.com/archive/simgad/9255921900217846278,
https://tpc.googlesyndication.com/archive/simgad/4954808797302307085,
https://tpc.googlesyndication.com/archive/simgad/5762723352017733314,
https://tpc.googlesyndication.com/archive/simgad/10480752739828270148,
https://tpc.googlesyndication.com/archive/simgad/2141856439846063090,
https://tpc.googlesyndication.com/archive/simgad/4954808797302307085,
https://tpc.googlesyndication.com/archive/simgad/2021827496713072770,
https://tpc.googlesyndication.com/archive/simgad/6990556300993073186,
https://tpc.googlesyndication.com/archive/simgad/17641257643843180144,
https://tpc.googlesyndication.com/archive/simgad/4190279182611416701,
https://tpc.googlesyndication.com/archive/simgad/4979898843004833434,
https://tpc.googlesyndication.com/archive/simgad/4045670188940679149,
https://tpc.googlesyndication.com/archive/simgad/13388053492978395779,
https://tpc.googlesyndication.com/archive/simgad/15004636950331131050,
https://tpc.googlesyndication.com/archive/simgad/17672988799664920628,
https://tpc.googlesyndication.com/archive/simgad/6886301566563922104,
https://tpc.googlesyndication.com/archive/simgad/636023011014832769,
https://tpc.googlesyndication.com/archive/simgad/4264823912421500569,
,
https://tpc.googlesyndication.com/archive/simgad/9208821079748629965,
https://tpc.googlesyndication.com/archive/simgad/12114668262876033413,
https://tpc.googlesyndication.com/archive/simgad/10652185205679410579,
https://tpc.googlesyndication.com/archive/simgad/6643577974386131320,
https://tpc.googlesyndication.com/archive/simgad/230322616462393392,
https://tpc.googlesyndication.com/archive/simgad/4314382574848489123,
https://tpc.googlesyndication.com/archive/simgad/18084143377916035205,
https://tpc.googlesyndication.com/archive/simgad/14107695134521900195,
https://tpc.googlesyndication.com/archive/simgad/4976147181095759852,
https://tpc.googlesyndication.com/archive/simgad/14974013256681398865,
https://tpc.googlesyndication.com/archive/simgad/4454658579863972330,
https://tpc.googlesyndication.com/archive/simgad/8790237917626366819,
https://tpc.googlesyndication.com/archive/simgad/12722862386322247982,
https://tpc.googlesyndication.com/archive/simgad/1181229055555979537,
https://tpc.googlesyndication.com/archive/simgad/15020932628586676165,
https://tpc.googlesyndication.com/archive/simgad/11311971730419594935,
https://tpc.googlesyndication.com/archive/simgad/14232615508524719806,
https://tpc.googlesyndication.com/archive/simgad/12335366525156041926,
https://tpc.googlesyndication.com/archive/simgad/3104395880027040621,
,
https://tpc.googlesyndication.com/archive/simgad/12727797802140243675,
https://tpc.googlesyndication.com/archive/simgad/86206842036104237,
https://tpc.googlesyndication.com/archive/simgad/17728508608603978340,
,
https://tpc.googlesyndication.com/archive/simgad/14467667859607560032,
https://tpc.googlesyndication.com/archive/simgad/14605456888511776458,
https://tpc.googlesyndication.com/archive/simgad/396378998325433857,
https://tpc.googlesyndication.com/archive/simgad/1500345081719512051,
https://tpc.googlesyndication.com/archive/simgad/15510408134980655776,
https://tpc.googlesyndication.com/archive/simgad/14243764680798770593,
https://tpc.googlesyndication.com/archive/simgad/1776322168828058611,
https://tpc.googlesyndication.com/archive/simgad/5508265044170678004,
https://tpc.googlesyndication.com/archive/simgad/4238763452534151425,
https://tpc.googlesyndication.com/archive/simgad/6606129714032644757,
https://tpc.googlesyndication.com/archive/simgad/17845377736108687563,
https://tpc.googlesyndication.com/archive/simgad/13642684186466028926,
,
https://tpc.googlesyndication.com/archive/simgad/13083425169682207456,
https://tpc.googlesyndication.com/archive/simgad/10211823719746299298,
https://tpc.googlesyndication.com/archive/simgad/11535650998005226082,
https://tpc.googlesyndication.com/archive/simgad/13673758955571496355,
https://tpc.googlesyndication.com/archive/simgad/1551486322443152939,
https://tpc.googlesyndication.com/archive/simgad/15024864391220268798,
https://tpc.googlesyndication.com/archive/simgad/17693908311909245851,
https://tpc.googlesyndication.com/archive/simgad/12675760855499161951,
https://tpc.googlesyndication.com/archive/simgad/11080688656497982350,
https://tpc.googlesyndication.com/archive/simgad/13832207629088606140,
https://tpc.googlesyndication.com/archive/simgad/2632922788434329381,
https://tpc.googlesyndication.com/archive/simgad/18203879662488436218,
https://tpc.googlesyndication.com/archive/simgad/3350637569756745527,
https://tpc.googlesyndication.com/archive/simgad/17502650736869182782,
https://tpc.googlesyndication.com/archive/simgad/12501019165193216165,
https://tpc.googlesyndication.com/archive/simgad/607724427572895140,
https://tpc.googlesyndication.com/archive/simgad/11532587704014326923,
https://tpc.googlesyndication.com/archive/simgad/6334617984049959393,
https://tpc.googlesyndication.com/archive/simgad/17334675361787641819,
https://tpc.googlesyndication.com/archive/simgad/13160451896191954318,
https://tpc.googlesyndication.com/archive/simgad/12232059010296496656,
https://tpc.googlesyndication.com/archive/simgad/1094581652716095551,
https://tpc.googlesyndication.com/archive/simgad/7613033851775880665,
https://tpc.googlesyndication.com/archive/simgad/16323321481336563821,
https://tpc.googlesyndication.com/archive/simgad/9301881317635443657,
https://tpc.googlesyndication.com/archive/simgad/5361586480879763420,
https://tpc.googlesyndication.com/archive/simgad/13146213955392981529,
https://tpc.googlesyndication.com/archive/simgad/6643577974386131320,
https://tpc.googlesyndication.com/archive/simgad/13852455921008648157,
https://tpc.googlesyndication.com/archive/simgad/6971514869756912972,
https://tpc.googlesyndication.com/archive/simgad/3984682733508185098,
https://tpc.googlesyndication.com/archive/simgad/16852828934017624236,
https://tpc.googlesyndication.com/archive/simgad/3789806983004513835,
https://tpc.googlesyndication.com/archive/simgad/11456304867312347960,
https://tpc.googlesyndication.com/archive/simgad/1868820119210692826,
https://tpc.googlesyndication.com/archive/simgad/16838467415613212497,
https://tpc.googlesyndication.com/archive/simgad/13751264193673593606,
https://tpc.googlesyndication.com/archive/simgad/3837352199572606277,
https://tpc.googlesyndication.com/archive/simgad/15552776471259533030,
https://tpc.googlesyndication.com/archive/simgad/8298404906617585744,
https://tpc.googlesyndication.com/archive/simgad/2568240992259234073,
https://tpc.googlesyndication.com/archive/simgad/17246413802977479283,
https://tpc.googlesyndication.com/archive/simgad/17876494230124665210,
https://tpc.googlesyndication.com/archive/simgad/353786575922572289,
https://tpc.googlesyndication.com/archive/simgad/3709794741911549148,
https://tpc.googlesyndication.com/archive/simgad/3736336715308383186,
https://tpc.googlesyndication.com/archive/simgad/13993581794780906932,
https://tpc.googlesyndication.com/archive/simgad/1511500867656453697,
https://tpc.googlesyndication.com/archive/simgad/17698231803242408239,
https://tpc.googlesyndication.com/archive/simgad/18345248036699926871,
https://tpc.googlesyndication.com/archive/simgad/16411540971523398438,
https://tpc.googlesyndication.com/archive/simgad/623581202061377545,
https://tpc.googlesyndication.com/archive/simgad/1551486322443152939,
https://tpc.googlesyndication.com/archive/simgad/7351849089178196459,
https://tpc.googlesyndication.com/archive/simgad/16488100305877768880,
https://tpc.googlesyndication.com/archive/simgad/16526974468409170384,
https://tpc.googlesyndication.com/archive/simgad/7294465006687166672,
https://tpc.googlesyndication.com/archive/simgad/1940853698027489523,
https://tpc.googlesyndication.com/archive/simgad/5567119164012536578,
https://tpc.googlesyndication.com/archive/simgad/13986775660578189223,
https://tpc.googlesyndication.com/archive/simgad/6438920953669036829,
https://tpc.googlesyndication.com/archive/simgad/8721293279383409244,
https://tpc.googlesyndication.com/archive/simgad/4954525828054285547,
https://tpc.googlesyndication.com/archive/simgad/1157863554702083415,
https://tpc.googlesyndication.com/archive/simgad/6995144306068986747,
https://tpc.googlesyndication.com/archive/simgad/17985923969278797311,
https://tpc.googlesyndication.com/archive/simgad/7350997430637957160,
https://tpc.googlesyndication.com/archive/simgad/10453276963582214498,
https://tpc.googlesyndication.com/archive/simgad/1398654620437812143,
https://tpc.googlesyndication.com/archive/simgad/1510782611435838596,
https://tpc.googlesyndication.com/archive/simgad/17167085945559474193,
https://tpc.googlesyndication.com/archive/simgad/5769708463140346407,
https://tpc.googlesyndication.com/archive/simgad/17257875383424668486,
https://tpc.googlesyndication.com/archive/simgad/4298276512562732892,
https://tpc.googlesyndication.com/archive/simgad/14790903676263238839,
https://tpc.googlesyndication.com/archive/simgad/5361586480879763420,
https://tpc.googlesyndication.com/archive/simgad/15628162617016719606,
https://tpc.googlesyndication.com/archive/simgad/8905105747066682148,
https://tpc.googlesyndication.com/archive/simgad/17660012613253992703,
https://tpc.googlesyndication.com/archive/simgad/3485976700115311190,
https://tpc.googlesyndication.com/archive/simgad/3447381400829462803,
https://tpc.googlesyndication.com/archive/simgad/15378152407767104342,
https://tpc.googlesyndication.com/archive/simgad/8368667458030224717,
https://tpc.googlesyndication.com/archive/simgad/6916208175059911239,
https://tpc.googlesyndication.com/archive/simgad/12889066319930638710,
https://tpc.googlesyndication.com/archive/simgad/6340160022153585795,
https://tpc.googlesyndication.com/archive/simgad/5238817307219964977,
https://tpc.googlesyndication.com/archive/simgad/3648808792316471896,
https://tpc.googlesyndication.com/archive/simgad/11095687936818561323,
https://tpc.googlesyndication.com/archive/simgad/5875217116899091975,
https://tpc.googlesyndication.com/archive/simgad/17276304715423506111,
https://tpc.googlesyndication.com/archive/simgad/9722863974501033475,
https://tpc.googlesyndication.com/archive/simgad/6221964539696901648,
https://tpc.googlesyndication.com/archive/simgad/16276541872129244191,
https://tpc.googlesyndication.com/archive/simgad/17383598244536804126,
https://tpc.googlesyndication.com/archive/simgad/11780570021208023557,
https://tpc.googlesyndication.com/archive/simgad/16282380080683392979,
https://tpc.googlesyndication.com/archive/simgad/17985923969278797311,
https://tpc.googlesyndication.com/archive/simgad/12886202958918369329,
https://tpc.googlesyndication.com/archive/simgad/1182763274002735256,
https://tpc.googlesyndication.com/archive/simgad/1800109643710122967,
https://tpc.googlesyndication.com/archive/simgad/11412963312398949973,
https://tpc.googlesyndication.com/archive/simgad/2920070300515314595,
https://tpc.googlesyndication.com/archive/simgad/17489373595383177978,
https://tpc.googlesyndication.com/archive/simgad/5291830658764270282,
https://tpc.googlesyndication.com/archive/simgad/17041783263968266886,
https://tpc.googlesyndication.com/archive/simgad/5784445629529373606,
https://tpc.googlesyndication.com/archive/simgad/13296367745670801769,
https://tpc.googlesyndication.com/archive/simgad/14811929984388876175,
https://tpc.googlesyndication.com/archive/simgad/5392599174474633129,
https://tpc.googlesyndication.com/archive/simgad/5591480556745691910,
https://tpc.googlesyndication.com/archive/simgad/882714860926243756,
https://tpc.googlesyndication.com/archive/simgad/12388057178851171045,
https://tpc.googlesyndication.com/archive/simgad/6314704006014145646,
https://tpc.googlesyndication.com/archive/simgad/15379885328616790396,
https://tpc.googlesyndication.com/archive/simgad/9379225424078703734,
https://tpc.googlesyndication.com/archive/simgad/2214683730315307898,
https://tpc.googlesyndication.com/archive/simgad/15038066637026577182,
https://tpc.googlesyndication.com/archive/simgad/8633603824082859653,
https://tpc.googlesyndication.com/archive/simgad/9124369086922995855,
https://tpc.googlesyndication.com/archive/simgad/16698687725899940877,
https://tpc.googlesyndication.com/archive/simgad/4298276512562732892,
https://tpc.googlesyndication.com/archive/simgad/10234610825040381192,
https://tpc.googlesyndication.com/archive/simgad/5642107111533730531,
https://tpc.googlesyndication.com/archive/simgad/11037954790123150185,
https://tpc.googlesyndication.com/archive/simgad/13248392819827627723,
https://tpc.googlesyndication.com/archive/simgad/5361586480879763420,
https://tpc.googlesyndication.com/archive/simgad/7269940819904314109,
https://tpc.googlesyndication.com/archive/simgad/14388940530378228841,
https://tpc.googlesyndication.com/archive/simgad/15534146601217911860,
https://tpc.googlesyndication.com/archive/simgad/581391904069203529,
https://tpc.googlesyndication.com/archive/simgad/2448584339671179626,
https://tpc.googlesyndication.com/archive/simgad/5015034532276718384,
https://tpc.googlesyndication.com/archive/simgad/18301209809786924948,
https://tpc.googlesyndication.com/archive/simgad/6088258182315314672,
https://tpc.googlesyndication.com/archive/simgad/6104022562376987088,
https://tpc.googlesyndication.com/archive/simgad/8328546541063787832,
https://tpc.googlesyndication.com/archive/simgad/5163523198494659261,
https://tpc.googlesyndication.com/archive/simgad/1315740168164638391,
https://tpc.googlesyndication.com/archive/simgad/2723638047832066097,
https://tpc.googlesyndication.com/archive/simgad/12897331610312512505,
https://tpc.googlesyndication.com/archive/simgad/16700090548919516146,
https://tpc.googlesyndication.com/archive/simgad/14463065725092635493,
https://tpc.googlesyndication.com/archive/simgad/11897012996830663001,
https://tpc.googlesyndication.com/archive/simgad/13638990685981796095,
https://tpc.googlesyndication.com/archive/simgad/10419636928238254924,
https://tpc.googlesyndication.com/archive/simgad/6055741768322007758,
https://tpc.googlesyndication.com/archive/simgad/669907200400566392,
https://tpc.googlesyndication.com/archive/simgad/8306399412975650766,
https://tpc.googlesyndication.com/archive/simgad/17577133037035332775,
https://tpc.googlesyndication.com/archive/simgad/7159954456359671207,
https://tpc.googlesyndication.com/archive/simgad/11863198797384855277,
https://tpc.googlesyndication.com/archive/simgad/15245255321775153587,
https://tpc.googlesyndication.com/archive/simgad/14071008473494244412,
https://tpc.googlesyndication.com/archive/simgad/1113726022304341813,
https://tpc.googlesyndication.com/archive/simgad/9837375549118052217,
https://tpc.googlesyndication.com/archive/simgad/1731879923895710120,
https://tpc.googlesyndication.com/archive/simgad/12717757600460388273,
https://tpc.googlesyndication.com/archive/simgad/7785698384522194005,
https://tpc.googlesyndication.com/archive/simgad/11369035302671250861,
https://tpc.googlesyndication.com/archive/simgad/15631430463872447227,
https://tpc.googlesyndication.com/archive/simgad/4298276512562732892,
https://tpc.googlesyndication.com/archive/simgad/8612932636821592412,
https://tpc.googlesyndication.com/archive/simgad/7428955910167124166,
https://tpc.googlesyndication.com/archive/simgad/12940745025846042612,
https://tpc.googlesyndication.com/archive/simgad/12281488180032463762,
https://tpc.googlesyndication.com/archive/simgad/15379885328616790396,
https://tpc.googlesyndication.com/archive/simgad/2232106782962444308,
https://tpc.googlesyndication.com/archive/simgad/3497555046521974141,
https://tpc.googlesyndication.com/archive/simgad/5714772195241013024,
https://tpc.googlesyndication.com/archive/simgad/4331079803403257798,
https://tpc.googlesyndication.com/archive/simgad/4022110316279978371,
https://tpc.googlesyndication.com/archive/simgad/13387807142545394681,
https://tpc.googlesyndication.com/archive/simgad/5482931968317285054,
https://tpc.googlesyndication.com/archive/simgad/5340831372025320951,
https://tpc.googlesyndication.com/archive/simgad/14914300380454185102,
https://tpc.googlesyndication.com/archive/simgad/174479638385969366,
https://tpc.googlesyndication.com/archive/simgad/9359048782005243979,
https://tpc.googlesyndication.com/archive/simgad/5166618833197047802,
https://tpc.googlesyndication.com/archive/simgad/15370279932720993823,
https://tpc.googlesyndication.com/archive/simgad/6641852110599467906,
https://tpc.googlesyndication.com/archive/simgad/4286393468522175978,
https://tpc.googlesyndication.com/archive/simgad/8491454987893556908,
https://tpc.googlesyndication.com/archive/simgad/17276304715423506111,
https://tpc.googlesyndication.com/archive/simgad/6400000185064249993,
https://tpc.googlesyndication.com/archive/simgad/1634883018542480732,
https://tpc.googlesyndication.com/archive/simgad/6643577974386131320,
https://tpc.googlesyndication.com/archive/simgad/3467235868137565148,
https://tpc.googlesyndication.com/archive/simgad/14852615415200529713,
https://tpc.googlesyndication.com/archive/simgad/3610782127744517614,
,
https://tpc.googlesyndication.com/archive/simgad/4177114954646451079,
https://tpc.googlesyndication.com/archive/simgad/1579766548380508617,
https://tpc.googlesyndication.com/archive/simgad/6387500344846982929,
https://tpc.googlesyndication.com/archive/simgad/8376534279641822875,
https://tpc.googlesyndication.com/archive/simgad/11042425203933663455,
https://tpc.googlesyndication.com/archive/simgad/10343722445899118371,
https://tpc.googlesyndication.com/archive/simgad/5736358031662012147,
https://tpc.googlesyndication.com/archive/simgad/9777913914024554821,
https://tpc.googlesyndication.com/archive/simgad/13248392819827627723,
https://tpc.googlesyndication.com/archive/simgad/5156421673979511899,
https://tpc.googlesyndication.com/archive/simgad/17725613180140798604,
https://tpc.googlesyndication.com/archive/simgad/16034478189250809040,
https://tpc.googlesyndication.com/archive/simgad/17545027212866455572,
https://tpc.googlesyndication.com/archive/simgad/173904675008105726,
https://tpc.googlesyndication.com/archive/simgad/14937088383286154655,
https://tpc.googlesyndication.com/archive/simgad/9651702952532657309,
https://tpc.googlesyndication.com/archive/simgad/11118670456098717463,
https://tpc.googlesyndication.com/archive/simgad/11650644044699131376,
https://tpc.googlesyndication.com/archive/simgad/4613214691308050433,
https://tpc.googlesyndication.com/archive/simgad/3553641709335961623,
https://tpc.googlesyndication.com/archive/simgad/10956793364570509747,
https://tpc.googlesyndication.com/archive/simgad/9051578131182615565,
https://tpc.googlesyndication.com/archive/simgad/5165205329982231767,
https://tpc.googlesyndication.com/archive/simgad/17926406742631244204,
https://tpc.googlesyndication.com/archive/simgad/4298276512562732892,
https://tpc.googlesyndication.com/archive/simgad/3832895377703609095,
https://tpc.googlesyndication.com/archive/simgad/10731881134284266215,
https://tpc.googlesyndication.com/archive/simgad/17246413802977479283,
https://tpc.googlesyndication.com/archive/simgad/9468922236191713841,
https://tpc.googlesyndication.com/archive/simgad/11316813472761271531,
https://tpc.googlesyndication.com/archive/simgad/2772529814681356205,
https://tpc.googlesyndication.com/archive/simgad/15074028811253822161,
https://tpc.googlesyndication.com/archive/simgad/13077846140123395034,
https://tpc.googlesyndication.com/archive/simgad/6615409268330538635,
https://tpc.googlesyndication.com/archive/simgad/4347090547298739546,
https://tpc.googlesyndication.com/archive/simgad/17081391169027827546,
https://tpc.googlesyndication.com/archive/simgad/3468270457543531380,
https://tpc.googlesyndication.com/archive/simgad/1207619856927091462,
https://tpc.googlesyndication.com/archive/simgad/7997145783030606686,
https://tpc.googlesyndication.com/archive/simgad/14633666348817707410,
https://tpc.googlesyndication.com/archive/simgad/12582605437031790911,
https://tpc.googlesyndication.com/archive/simgad/2359458472107274391,
https://tpc.googlesyndication.com/archive/simgad/16635053275833617798,
https://tpc.googlesyndication.com/archive/simgad/11109522838028163893,
https://tpc.googlesyndication.com/archive/simgad/11834658443790350023,
https://tpc.googlesyndication.com/archive/simgad/761840500463450686,
https://tpc.googlesyndication.com/archive/simgad/6050867743793653646,
,
https://tpc.googlesyndication.com/archive/simgad/4723615219974158489,
https://tpc.googlesyndication.com/archive/simgad/7401229084880083814,
https://tpc.googlesyndication.com/archive/simgad/8952867374651698516,
,
,
https://tpc.googlesyndication.com/archive/simgad/721893938662158070,
https://tpc.googlesyndication.com/archive/simgad/4438210103716287902,
https://tpc.googlesyndication.com/archive/simgad/1747266071908003611,
https://tpc.googlesyndication.com/archive/simgad/7587699495566265417,
https://tpc.googlesyndication.com/archive/simgad/14282390566682216181,
https://tpc.googlesyndication.com/archive/simgad/3639026348235192605,
https://tpc.googlesyndication.com/archive/simgad/9189450422644510855,
https://tpc.googlesyndication.com/archive/simgad/14332699563443915123,
https://tpc.googlesyndication.com/archive/simgad/761840500463450686,
https://tpc.googlesyndication.com/archive/simgad/2640232908549908683,
,
https://tpc.googlesyndication.com/archive/simgad/18152617624923034184,
https://tpc.googlesyndication.com/archive/simgad/9866187921945880584,
https://tpc.googlesyndication.com/archive/simgad/15946488821900312776,
https://tpc.googlesyndication.com/archive/simgad/8671110215073906261,
https://tpc.googlesyndication.com/archive/simgad/12616900132266763053,
https://tpc.googlesyndication.com/archive/simgad/4712314484432507859,
https://tpc.googlesyndication.com/archive/simgad/9254842512494676000,
https://tpc.googlesyndication.com/archive/simgad/15779308903676180521,
https://tpc.googlesyndication.com/archive/simgad/7096364215809181841,
https://tpc.googlesyndication.com/archive/simgad/12141813206113768440,
https://tpc.googlesyndication.com/archive/simgad/1984763357576360535,
https://tpc.googlesyndication.com/archive/simgad/1351880038701611839,
https://tpc.googlesyndication.com/archive/simgad/17823526734901175168,
,
https://tpc.googlesyndication.com/archive/simgad/3318596873156434076,
https://tpc.googlesyndication.com/archive/simgad/8697148095059381821,
https://tpc.googlesyndication.com/archive/simgad/11967304832521538920,
https://tpc.googlesyndication.com/archive/simgad/11137742058546156870,
https://tpc.googlesyndication.com/archive/simgad/11640157553581476705,
https://tpc.googlesyndication.com/archive/simgad/556552321459229825,
https://tpc.googlesyndication.com/archive/simgad/5119501893562645392,
https://tpc.googlesyndication.com/archive/simgad/4878619975978909302,
https://tpc.googlesyndication.com/archive/simgad/12983466792492234876,
https://tpc.googlesyndication.com/archive/simgad/13755231020923075018,
https://tpc.googlesyndication.com/archive/simgad/830727304397762686,
https://tpc.googlesyndication.com/archive/simgad/4299510729183738401,
https://tpc.googlesyndication.com/archive/simgad/16546051054713243674,
https://tpc.googlesyndication.com/archive/simgad/1528165848817395022,
https://tpc.googlesyndication.com/archive/simgad/12535799239960067951,
https://tpc.googlesyndication.com/archive/simgad/2703989376430370742,
https://tpc.googlesyndication.com/archive/simgad/9093704917943472620,
https://tpc.googlesyndication.com/archive/simgad/1856167667796556658,
https://tpc.googlesyndication.com/archive/simgad/9428256573894197835,
https://tpc.googlesyndication.com/archive/simgad/6985788850748802183,
https://tpc.googlesyndication.com/archive/simgad/14439727009865760068,
https://tpc.googlesyndication.com/archive/simgad/15462791618831273647,
https://tpc.googlesyndication.com/archive/simgad/8471826004248427786,
,
https://tpc.googlesyndication.com/archive/simgad/5789372777995599444,
https://tpc.googlesyndication.com/archive/simgad/16978642349012025150,
https://tpc.googlesyndication.com/archive/simgad/3330293831748258654,
https://tpc.googlesyndication.com/archive/simgad/17492386612392784134,
https://tpc.googlesyndication.com/archive/simgad/13483892112968960605,
https://tpc.googlesyndication.com/archive/simgad/2824066279701237865,
https://tpc.googlesyndication.com/archive/simgad/551829538414797290,
https://tpc.googlesyndication.com/archive/simgad/13895751705377257944,
https://tpc.googlesyndication.com/archive/simgad/13637300114561841063,
https://tpc.googlesyndication.com/archive/simgad/15266318886106584447,
https://tpc.googlesyndication.com/archive/simgad/13260358262661113117,
https://tpc.googlesyndication.com/archive/simgad/15571381133474457434,
https://tpc.googlesyndication.com/archive/simgad/5339504657449112232,
https://tpc.googlesyndication.com/archive/simgad/17626072757530559010,
https://tpc.googlesyndication.com/archive/simgad/10052228685743173538,
https://tpc.googlesyndication.com/archive/simgad/14833139155585233467,
https://tpc.googlesyndication.com/archive/simgad/6167057295823681062,
https://tpc.googlesyndication.com/archive/simgad/13153313959348075888,
https://tpc.googlesyndication.com/archive/simgad/7854263171449126191,
